series_id,base_currency,quote_currency,observation_date,value,unit,source_retrieved_at,sample_captured_at,source_staleness,vintage,first_available_at,source_publisher,source_url,delivery_url,rights_url,notice
ECBFX_USD,EUR,USD,2026-09-14,1.1551,USD/EUR,2026-10-10T16:07:22+00:00,2026-10-10T19:20:14.503085+00:00,fresh,current_amended,,European Central Bank,https://www.ecb.europa.eu/stats/eurofxref/eurofxref-hist-90d.xml,https://api.seiche.info/api/series/ECBFX_USD.csv,https://www.ecb.europa.eu/services/using-our-site/disclaimer/html/index.en.html,"Source: European Central Bank. Original reference data is available free from the ECB. Informational reference rates, not executable quotes."
ECBFX_USD,EUR,USD,2026-09-15,1.1539,USD/EUR,2026-10-10T16:07:22+00:00,2026-10-10T19:20:14.503085+00:00,fresh,current_amended,,European Central Bank,https://www.ecb.europa.eu/stats/eurofxref/eurofxref-hist-90d.xml,https://api.seiche.info/api/series/ECBFX_USD.csv,https://www.ecb.europa.eu/services/using-our-site/disclaimer/html/index.en.html,"Source: European Central Bank. Original reference data is available free from the ECB. Informational reference rates, not executable quotes."
ECBFX_USD,EUR,USD,2026-09-16,1.1537,USD/EUR,2026-10-10T16:07:22+00:00,2026-10-10T19:20:14.503085+00:00,fresh,current_amended,,European Central Bank,https://www.ecb.europa.eu/stats/eurofxref/eurofxref-hist-90d.xml,https://api.seiche.info/api/series/ECBFX_USD.csv,https://www.ecb.europa.eu/services/using-our-site/disclaimer/html/index.en.html,"Source: European Central Bank. Original reference data is available free from the ECB. Informational reference rates, not executable quotes."
ECBFX_USD,EUR,USD,2026-09-17,1.1481,USD/EUR,2026-10-10T16:07:22+00:00,2026-10-10T19:20:14.503085+00:00,fresh,current_amended,,European Central Bank,https://www.ecb.europa.eu/stats/eurofxref/eurofxref-hist-90d.xml,https://api.seiche.info/api/series/ECBFX_USD.csv,https://www.ecb.europa.eu/services/using-our-site/disclaimer/html/index.en.html,"Source: European Central Bank. Original reference data is available free from the ECB. Informational reference rates, not executable quotes."
ECBFX_USD,EUR,USD,2026-09-18,1.146,USD/EUR,2026-10-10T16:07:22+00:00,2026-10-10T19:20:14.503085+00:00,fresh,current_amended,,European Central Bank,https://www.ecb.europa.eu/stats/eurofxref/eurofxref-hist-90d.xml,https://api.seiche.info/api/series/ECBFX_USD.csv,https://www.ecb.europa.eu/services/using-our-site/disclaimer/html/index.en.html,"Source: European Central Bank. Original reference data is available free from the ECB. Informational reference rates, not executable quotes."
ECBFX_USD,EUR,USD,2026-09-21,1.149,USD/EUR,2026-10-10T16:07:22+00:00,2026-10-10T19:20:14.503085+00:00,fresh,current_amended,,European Central Bank,https://www.ecb.europa.eu/stats/eurofxref/eurofxref-hist-90d.xml,https://api.seiche.info/api/series/ECBFX_USD.csv,https://www.ecb.europa.eu/services/using-our-site/disclaimer/html/index.en.html,"Source: European Central Bank. Original reference data is available free from the ECB. Informational reference rates, not executable quotes."
ECBFX_USD,EUR,USD,2026-09-22,1.1463,USD/EUR,2026-10-10T16:07:22+00:00,2026-10-10T19:20:14.503085+00:00,fresh,current_amended,,European Central Bank,https://www.ecb.europa.eu/stats/eurofxref/eurofxref-hist-90d.xml,https://api.seiche.info/api/series/ECBFX_USD.csv,https://www.ecb.europa.eu/services/using-our-site/disclaimer/html/index.en.html,"Source: European Central Bank. Original reference data is available free from the ECB. Informational reference rates, not executable quotes."
ECBFX_USD,EUR,USD,2026-09-23,1.1411,USD/EUR,2026-10-10T16:07:22+00:00,2026-10-10T19:20:14.503085+00:00,fresh,current_amended,,European Central Bank,https://www.ecb.europa.eu/stats/eurofxref/eurofxref-hist-90d.xml,https://api.seiche.info/api/series/ECBFX_USD.csv,https://www.ecb.europa.eu/services/using-our-site/disclaimer/html/index.en.html,"Source: European Central Bank. Original reference data is available free from the ECB. Informational reference rates, not executable quotes."
ECBFX_USD,EUR,USD,2026-09-24,1.1367,USD/EUR,2026-10-10T16:07:22+00:00,2026-10-10T19:20:14.503085+00:00,fresh,current_amended,,European Central Bank,https://www.ecb.europa.eu/stats/eurofxref/eurofxref-hist-90d.xml,https://api.seiche.info/api/series/ECBFX_USD.csv,https://www.ecb.europa.eu/services/using-our-site/disclaimer/html/index.en.html,"Source: European Central Bank. Original reference data is available free from the ECB. Informational reference rates, not executable quotes."
ECBFX_USD,EUR,USD,2026-09-25,1.1403,USD/EUR,2026-10-10T16:07:22+00:00,2026-10-10T19:20:14.503085+00:00,fresh,current_amended,,European Central Bank,https://www.ecb.europa.eu/stats/eurofxref/eurofxref-hist-90d.xml,https://api.seiche.info/api/series/ECBFX_USD.csv,https://www.ecb.europa.eu/services/using-our-site/disclaimer/html/index.en.html,"Source: European Central Bank. Original reference data is available free from the ECB. Informational reference rates, not executable quotes."
ECBFX_USD,EUR,USD,2026-09-28,1.1378,USD/EUR,2026-10-10T16:07:22+00:00,2026-10-10T19:20:14.503085+00:00,fresh,current_amended,,European Central Bank,https://www.ecb.europa.eu/stats/eurofxref/eurofxref-hist-90d.xml,https://api.seiche.info/api/series/ECBFX_USD.csv,https://www.ecb.europa.eu/services/using-our-site/disclaimer/html/index.en.html,"Source: European Central Bank. Original reference data is available free from the ECB. Informational reference rates, not executable quotes."
ECBFX_USD,EUR,USD,2026-09-29,1.1355,USD/EUR,2026-10-10T16:07:22+00:00,2026-10-10T19:20:14.503085+00:00,fresh,current_amended,,European Central Bank,https://www.ecb.europa.eu/stats/eurofxref/eurofxref-hist-90d.xml,https://api.seiche.info/api/series/ECBFX_USD.csv,https://www.ecb.europa.eu/services/using-our-site/disclaimer/html/index.en.html,"Source: European Central Bank. Original reference data is available free from the ECB. Informational reference rates, not executable quotes."
ECBFX_USD,EUR,USD,2026-09-30,1.1355,USD/EUR,2026-10-10T16:07:22+00:00,2026-10-10T19:20:14.503085+00:00,fresh,current_amended,,European Central Bank,https://www.ecb.europa.eu/stats/eurofxref/eurofxref-hist-90d.xml,https://api.seiche.info/api/series/ECBFX_USD.csv,https://www.ecb.europa.eu/services/using-our-site/disclaimer/html/index.en.html,"Source: European Central Bank. Original reference data is available free from the ECB. Informational reference rates, not executable quotes."
ECBFX_USD,EUR,USD,2026-10-01,1.1298,USD/EUR,2026-10-10T16:07:22+00:00,2026-10-10T19:20:14.503085+00:00,fresh,current_amended,,European Central Bank,https://www.ecb.europa.eu/stats/eurofxref/eurofxref-hist-90d.xml,https://api.seiche.info/api/series/ECBFX_USD.csv,https://www.ecb.europa.eu/services/using-our-site/disclaimer/html/index.en.html,"Source: European Central Bank. Original reference data is available free from the ECB. Informational reference rates, not executable quotes."
ECBFX_USD,EUR,USD,2026-10-02,1.1225,USD/EUR,2026-10-10T16:07:22+00:00,2026-10-10T19:20:14.503085+00:00,fresh,current_amended,,European Central Bank,https://www.ecb.europa.eu/stats/eurofxref/eurofxref-hist-90d.xml,https://api.seiche.info/api/series/ECBFX_USD.csv,https://www.ecb.europa.eu/services/using-our-site/disclaimer/html/index.en.html,"Source: European Central Bank. Original reference data is available free from the ECB. Informational reference rates, not executable quotes."
ECBFX_USD,EUR,USD,2026-10-05,1.1204,USD/EUR,2026-10-10T16:07:22+00:00,2026-10-10T19:20:14.503085+00:00,fresh,current_amended,,European Central Bank,https://www.ecb.europa.eu/stats/eurofxref/eurofxref-hist-90d.xml,https://api.seiche.info/api/series/ECBFX_USD.csv,https://www.ecb.europa.eu/services/using-our-site/disclaimer/html/index.en.html,"Source: European Central Bank. Original reference data is available free from the ECB. Informational reference rates, not executable quotes."
ECBFX_USD,EUR,USD,2026-10-06,1.1269,USD/EUR,2026-10-10T16:07:22+00:00,2026-10-10T19:20:14.503085+00:00,fresh,current_amended,,European Central Bank,https://www.ecb.europa.eu/stats/eurofxref/eurofxref-hist-90d.xml,https://api.seiche.info/api/series/ECBFX_USD.csv,https://www.ecb.europa.eu/services/using-our-site/disclaimer/html/index.en.html,"Source: European Central Bank. Original reference data is available free from the ECB. Informational reference rates, not executable quotes."
ECBFX_USD,EUR,USD,2026-10-07,1.1177,USD/EUR,2026-10-10T16:07:22+00:00,2026-10-10T19:20:14.503085+00:00,fresh,current_amended,,European Central Bank,https://www.ecb.europa.eu/stats/eurofxref/eurofxref-hist-90d.xml,https://api.seiche.info/api/series/ECBFX_USD.csv,https://www.ecb.europa.eu/services/using-our-site/disclaimer/html/index.en.html,"Source: European Central Bank. Original reference data is available free from the ECB. Informational reference rates, not executable quotes."
ECBFX_USD,EUR,USD,2026-10-08,1.1186,USD/EUR,2026-10-10T16:07:22+00:00,2026-10-10T19:20:14.503085+00:00,fresh,current_amended,,European Central Bank,https://www.ecb.europa.eu/stats/eurofxref/eurofxref-hist-90d.xml,https://api.seiche.info/api/series/ECBFX_USD.csv,https://www.ecb.europa.eu/services/using-our-site/disclaimer/html/index.en.html,"Source: European Central Bank. Original reference data is available free from the ECB. Informational reference rates, not executable quotes."
ECBFX_USD,EUR,USD,2026-10-09,1.1206,USD/EUR,2026-10-10T16:07:22+00:00,2026-10-10T19:20:14.503085+00:00,fresh,current_amended,,European Central Bank,https://www.ecb.europa.eu/stats/eurofxref/eurofxref-hist-90d.xml,https://api.seiche.info/api/series/ECBFX_USD.csv,https://www.ecb.europa.eu/services/using-our-site/disclaimer/html/index.en.html,"Source: European Central Bank. Original reference data is available free from the ECB. Informational reference rates, not executable quotes."
ECBFX_GBP,EUR,GBP,2026-09-14,0.85598,GBP/EUR,2026-10-10T16:07:22+00:00,2026-10-10T19:20:14.503085+00:00,fresh,current_amended,,European Central Bank,https://www.ecb.europa.eu/stats/eurofxref/eurofxref-hist-90d.xml,https://api.seiche.info/api/series/ECBFX_GBP.csv,https://www.ecb.europa.eu/services/using-our-site/disclaimer/html/index.en.html,"Source: European Central Bank. Original reference data is available free from the ECB. Informational reference rates, not executable quotes."
ECBFX_GBP,EUR,GBP,2026-09-15,0.8558,GBP/EUR,2026-10-10T16:07:22+00:00,2026-10-10T19:20:14.503085+00:00,fresh,current_amended,,European Central Bank,https://www.ecb.europa.eu/stats/eurofxref/eurofxref-hist-90d.xml,https://api.seiche.info/api/series/ECBFX_GBP.csv,https://www.ecb.europa.eu/services/using-our-site/disclaimer/html/index.en.html,"Source: European Central Bank. Original reference data is available free from the ECB. Informational reference rates, not executable quotes."
ECBFX_GBP,EUR,GBP,2026-09-16,0.8574,GBP/EUR,2026-10-10T16:07:22+00:00,2026-10-10T19:20:14.503085+00:00,fresh,current_amended,,European Central Bank,https://www.ecb.europa.eu/stats/eurofxref/eurofxref-hist-90d.xml,https://api.seiche.info/api/series/ECBFX_GBP.csv,https://www.ecb.europa.eu/services/using-our-site/disclaimer/html/index.en.html,"Source: European Central Bank. Original reference data is available free from the ECB. Informational reference rates, not executable quotes."
ECBFX_GBP,EUR,GBP,2026-09-17,0.8583,GBP/EUR,2026-10-10T16:07:22+00:00,2026-10-10T19:20:14.503085+00:00,fresh,current_amended,,European Central Bank,https://www.ecb.europa.eu/stats/eurofxref/eurofxref-hist-90d.xml,https://api.seiche.info/api/series/ECBFX_GBP.csv,https://www.ecb.europa.eu/services/using-our-site/disclaimer/html/index.en.html,"Source: European Central Bank. Original reference data is available free from the ECB. Informational reference rates, not executable quotes."
ECBFX_GBP,EUR,GBP,2026-09-18,0.8588,GBP/EUR,2026-10-10T16:07:22+00:00,2026-10-10T19:20:14.503085+00:00,fresh,current_amended,,European Central Bank,https://www.ecb.europa.eu/stats/eurofxref/eurofxref-hist-90d.xml,https://api.seiche.info/api/series/ECBFX_GBP.csv,https://www.ecb.europa.eu/services/using-our-site/disclaimer/html/index.en.html,"Source: European Central Bank. Original reference data is available free from the ECB. Informational reference rates, not executable quotes."
ECBFX_GBP,EUR,GBP,2026-09-21,0.8578,GBP/EUR,2026-10-10T16:07:22+00:00,2026-10-10T19:20:14.503085+00:00,fresh,current_amended,,European Central Bank,https://www.ecb.europa.eu/stats/eurofxref/eurofxref-hist-90d.xml,https://api.seiche.info/api/series/ECBFX_GBP.csv,https://www.ecb.europa.eu/services/using-our-site/disclaimer/html/index.en.html,"Source: European Central Bank. Original reference data is available free from the ECB. Informational reference rates, not executable quotes."
ECBFX_GBP,EUR,GBP,2026-09-22,0.8578,GBP/EUR,2026-10-10T16:07:22+00:00,2026-10-10T19:20:14.503085+00:00,fresh,current_amended,,European Central Bank,https://www.ecb.europa.eu/stats/eurofxref/eurofxref-hist-90d.xml,https://api.seiche.info/api/series/ECBFX_GBP.csv,https://www.ecb.europa.eu/services/using-our-site/disclaimer/html/index.en.html,"Source: European Central Bank. Original reference data is available free from the ECB. Informational reference rates, not executable quotes."
ECBFX_GBP,EUR,GBP,2026-09-23,0.8595,GBP/EUR,2026-10-10T16:07:22+00:00,2026-10-10T19:20:14.503085+00:00,fresh,current_amended,,European Central Bank,https://www.ecb.europa.eu/stats/eurofxref/eurofxref-hist-90d.xml,https://api.seiche.info/api/series/ECBFX_GBP.csv,https://www.ecb.europa.eu/services/using-our-site/disclaimer/html/index.en.html,"Source: European Central Bank. Original reference data is available free from the ECB. Informational reference rates, not executable quotes."
ECBFX_GBP,EUR,GBP,2026-09-24,0.85986,GBP/EUR,2026-10-10T16:07:22+00:00,2026-10-10T19:20:14.503085+00:00,fresh,current_amended,,European Central Bank,https://www.ecb.europa.eu/stats/eurofxref/eurofxref-hist-90d.xml,https://api.seiche.info/api/series/ECBFX_GBP.csv,https://www.ecb.europa.eu/services/using-our-site/disclaimer/html/index.en.html,"Source: European Central Bank. Original reference data is available free from the ECB. Informational reference rates, not executable quotes."
ECBFX_GBP,EUR,GBP,2026-09-25,0.86045,GBP/EUR,2026-10-10T16:07:22+00:00,2026-10-10T19:20:14.503085+00:00,fresh,current_amended,,European Central Bank,https://www.ecb.europa.eu/stats/eurofxref/eurofxref-hist-90d.xml,https://api.seiche.info/api/series/ECBFX_GBP.csv,https://www.ecb.europa.eu/services/using-our-site/disclaimer/html/index.en.html,"Source: European Central Bank. Original reference data is available free from the ECB. Informational reference rates, not executable quotes."
ECBFX_GBP,EUR,GBP,2026-09-28,0.85785,GBP/EUR,2026-10-10T16:07:22+00:00,2026-10-10T19:20:14.503085+00:00,fresh,current_amended,,European Central Bank,https://www.ecb.europa.eu/stats/eurofxref/eurofxref-hist-90d.xml,https://api.seiche.info/api/series/ECBFX_GBP.csv,https://www.ecb.europa.eu/services/using-our-site/disclaimer/html/index.en.html,"Source: European Central Bank. Original reference data is available free from the ECB. Informational reference rates, not executable quotes."
ECBFX_GBP,EUR,GBP,2026-09-29,0.85718,GBP/EUR,2026-10-10T16:07:22+00:00,2026-10-10T19:20:14.503085+00:00,fresh,current_amended,,European Central Bank,https://www.ecb.europa.eu/stats/eurofxref/eurofxref-hist-90d.xml,https://api.seiche.info/api/series/ECBFX_GBP.csv,https://www.ecb.europa.eu/services/using-our-site/disclaimer/html/index.en.html,"Source: European Central Bank. Original reference data is available free from the ECB. Informational reference rates, not executable quotes."
ECBFX_GBP,EUR,GBP,2026-09-30,0.85463,GBP/EUR,2026-10-10T16:07:22+00:00,2026-10-10T19:20:14.503085+00:00,fresh,current_amended,,European Central Bank,https://www.ecb.europa.eu/stats/eurofxref/eurofxref-hist-90d.xml,https://api.seiche.info/api/series/ECBFX_GBP.csv,https://www.ecb.europa.eu/services/using-our-site/disclaimer/html/index.en.html,"Source: European Central Bank. Original reference data is available free from the ECB. Informational reference rates, not executable quotes."
ECBFX_GBP,EUR,GBP,2026-10-01,0.85373,GBP/EUR,2026-10-10T16:07:22+00:00,2026-10-10T19:20:14.503085+00:00,fresh,current_amended,,European Central Bank,https://www.ecb.europa.eu/stats/eurofxref/eurofxref-hist-90d.xml,https://api.seiche.info/api/series/ECBFX_GBP.csv,https://www.ecb.europa.eu/services/using-our-site/disclaimer/html/index.en.html,"Source: European Central Bank. Original reference data is available free from the ECB. Informational reference rates, not executable quotes."
ECBFX_GBP,EUR,GBP,2026-10-02,0.85033,GBP/EUR,2026-10-10T16:07:22+00:00,2026-10-10T19:20:14.503085+00:00,fresh,current_amended,,European Central Bank,https://www.ecb.europa.eu/stats/eurofxref/eurofxref-hist-90d.xml,https://api.seiche.info/api/series/ECBFX_GBP.csv,https://www.ecb.europa.eu/services/using-our-site/disclaimer/html/index.en.html,"Source: European Central Bank. Original reference data is available free from the ECB. Informational reference rates, not executable quotes."
ECBFX_GBP,EUR,GBP,2026-10-05,0.8472,GBP/EUR,2026-10-10T16:07:22+00:00,2026-10-10T19:20:14.503085+00:00,fresh,current_amended,,European Central Bank,https://www.ecb.europa.eu/stats/eurofxref/eurofxref-hist-90d.xml,https://api.seiche.info/api/series/ECBFX_GBP.csv,https://www.ecb.europa.eu/services/using-our-site/disclaimer/html/index.en.html,"Source: European Central Bank. Original reference data is available free from the ECB. Informational reference rates, not executable quotes."
ECBFX_GBP,EUR,GBP,2026-10-06,0.8488,GBP/EUR,2026-10-10T16:07:22+00:00,2026-10-10T19:20:14.503085+00:00,fresh,current_amended,,European Central Bank,https://www.ecb.europa.eu/stats/eurofxref/eurofxref-hist-90d.xml,https://api.seiche.info/api/series/ECBFX_GBP.csv,https://www.ecb.europa.eu/services/using-our-site/disclaimer/html/index.en.html,"Source: European Central Bank. Original reference data is available free from the ECB. Informational reference rates, not executable quotes."
ECBFX_GBP,EUR,GBP,2026-10-07,0.84645,GBP/EUR,2026-10-10T16:07:22+00:00,2026-10-10T19:20:14.503085+00:00,fresh,current_amended,,European Central Bank,https://www.ecb.europa.eu/stats/eurofxref/eurofxref-hist-90d.xml,https://api.seiche.info/api/series/ECBFX_GBP.csv,https://www.ecb.europa.eu/services/using-our-site/disclaimer/html/index.en.html,"Source: European Central Bank. Original reference data is available free from the ECB. Informational reference rates, not executable quotes."
ECBFX_GBP,EUR,GBP,2026-10-08,0.84698,GBP/EUR,2026-10-10T16:07:22+00:00,2026-10-10T19:20:14.503085+00:00,fresh,current_amended,,European Central Bank,https://www.ecb.europa.eu/stats/eurofxref/eurofxref-hist-90d.xml,https://api.seiche.info/api/series/ECBFX_GBP.csv,https://www.ecb.europa.eu/services/using-our-site/disclaimer/html/index.en.html,"Source: European Central Bank. Original reference data is available free from the ECB. Informational reference rates, not executable quotes."
ECBFX_GBP,EUR,GBP,2026-10-09,0.84763,GBP/EUR,2026-10-10T16:07:22+00:00,2026-10-10T19:20:14.503085+00:00,fresh,current_amended,,European Central Bank,https://www.ecb.europa.eu/stats/eurofxref/eurofxref-hist-90d.xml,https://api.seiche.info/api/series/ECBFX_GBP.csv,https://www.ecb.europa.eu/services/using-our-site/disclaimer/html/index.en.html,"Source: European Central Bank. Original reference data is available free from the ECB. Informational reference rates, not executable quotes."
ECBFX_JPY,EUR,JPY,2026-09-14,178.52,JPY/EUR,2026-10-10T16:07:22+00:00,2026-10-10T19:20:14.503085+00:00,fresh,current_amended,,European Central Bank,https://www.ecb.europa.eu/stats/eurofxref/eurofxref-hist-90d.xml,https://api.seiche.info/api/series/ECBFX_JPY.csv,https://www.ecb.europa.eu/services/using-our-site/disclaimer/html/index.en.html,"Source: European Central Bank. Original reference data is available free from the ECB. Informational reference rates, not executable quotes."
ECBFX_JPY,EUR,JPY,2026-09-15,178.86,JPY/EUR,2026-10-10T16:07:22+00:00,2026-10-10T19:20:14.503085+00:00,fresh,current_amended,,European Central Bank,https://www.ecb.europa.eu/stats/eurofxref/eurofxref-hist-90d.xml,https://api.seiche.info/api/series/ECBFX_JPY.csv,https://www.ecb.europa.eu/services/using-our-site/disclaimer/html/index.en.html,"Source: European Central Bank. Original reference data is available free from the ECB. Informational reference rates, not executable quotes."
ECBFX_JPY,EUR,JPY,2026-09-16,178.88,JPY/EUR,2026-10-10T16:07:22+00:00,2026-10-10T19:20:14.503085+00:00,fresh,current_amended,,European Central Bank,https://www.ecb.europa.eu/stats/eurofxref/eurofxref-hist-90d.xml,https://api.seiche.info/api/series/ECBFX_JPY.csv,https://www.ecb.europa.eu/services/using-our-site/disclaimer/html/index.en.html,"Source: European Central Bank. Original reference data is available free from the ECB. Informational reference rates, not executable quotes."
ECBFX_JPY,EUR,JPY,2026-09-17,178.75,JPY/EUR,2026-10-10T16:07:22+00:00,2026-10-10T19:20:14.503085+00:00,fresh,current_amended,,European Central Bank,https://www.ecb.europa.eu/stats/eurofxref/eurofxref-hist-90d.xml,https://api.seiche.info/api/series/ECBFX_JPY.csv,https://www.ecb.europa.eu/services/using-our-site/disclaimer/html/index.en.html,"Source: European Central Bank. Original reference data is available free from the ECB. Informational reference rates, not executable quotes."
ECBFX_JPY,EUR,JPY,2026-09-18,180.94,JPY/EUR,2026-10-10T16:07:22+00:00,2026-10-10T19:20:14.503085+00:00,fresh,current_amended,,European Central Bank,https://www.ecb.europa.eu/stats/eurofxref/eurofxref-hist-90d.xml,https://api.seiche.info/api/series/ECBFX_JPY.csv,https://www.ecb.europa.eu/services/using-our-site/disclaimer/html/index.en.html,"Source: European Central Bank. Original reference data is available free from the ECB. Informational reference rates, not executable quotes."
ECBFX_JPY,EUR,JPY,2026-09-21,180.7,JPY/EUR,2026-10-10T16:07:22+00:00,2026-10-10T19:20:14.503085+00:00,fresh,current_amended,,European Central Bank,https://www.ecb.europa.eu/stats/eurofxref/eurofxref-hist-90d.xml,https://api.seiche.info/api/series/ECBFX_JPY.csv,https://www.ecb.europa.eu/services/using-our-site/disclaimer/html/index.en.html,"Source: European Central Bank. Original reference data is available free from the ECB. Informational reference rates, not executable quotes."
ECBFX_JPY,EUR,JPY,2026-09-22,180.17,JPY/EUR,2026-10-10T16:07:22+00:00,2026-10-10T19:20:14.503085+00:00,fresh,current_amended,,European Central Bank,https://www.ecb.europa.eu/stats/eurofxref/eurofxref-hist-90d.xml,https://api.seiche.info/api/series/ECBFX_JPY.csv,https://www.ecb.europa.eu/services/using-our-site/disclaimer/html/index.en.html,"Source: European Central Bank. Original reference data is available free from the ECB. Informational reference rates, not executable quotes."
ECBFX_JPY,EUR,JPY,2026-09-23,180.2,JPY/EUR,2026-10-10T16:07:22+00:00,2026-10-10T19:20:14.503085+00:00,fresh,current_amended,,European Central Bank,https://www.ecb.europa.eu/stats/eurofxref/eurofxref-hist-90d.xml,https://api.seiche.info/api/series/ECBFX_JPY.csv,https://www.ecb.europa.eu/services/using-our-site/disclaimer/html/index.en.html,"Source: European Central Bank. Original reference data is available free from the ECB. Informational reference rates, not executable quotes."
ECBFX_JPY,EUR,JPY,2026-09-24,180.57,JPY/EUR,2026-10-10T16:07:22+00:00,2026-10-10T19:20:14.503085+00:00,fresh,current_amended,,European Central Bank,https://www.ecb.europa.eu/stats/eurofxref/eurofxref-hist-90d.xml,https://api.seiche.info/api/series/ECBFX_JPY.csv,https://www.ecb.europa.eu/services/using-our-site/disclaimer/html/index.en.html,"Source: European Central Bank. Original reference data is available free from the ECB. Informational reference rates, not executable quotes."
ECBFX_JPY,EUR,JPY,2026-09-25,179.7,JPY/EUR,2026-10-10T16:07:22+00:00,2026-10-10T19:20:14.503085+00:00,fresh,current_amended,,European Central Bank,https://www.ecb.europa.eu/stats/eurofxref/eurofxref-hist-90d.xml,https://api.seiche.info/api/series/ECBFX_JPY.csv,https://www.ecb.europa.eu/services/using-our-site/disclaimer/html/index.en.html,"Source: European Central Bank. Original reference data is available free from the ECB. Informational reference rates, not executable quotes."
ECBFX_JPY,EUR,JPY,2026-09-28,178.5,JPY/EUR,2026-10-10T16:07:22+00:00,2026-10-10T19:20:14.503085+00:00,fresh,current_amended,,European Central Bank,https://www.ecb.europa.eu/stats/eurofxref/eurofxref-hist-90d.xml,https://api.seiche.info/api/series/ECBFX_JPY.csv,https://www.ecb.europa.eu/services/using-our-site/disclaimer/html/index.en.html,"Source: European Central Bank. Original reference data is available free from the ECB. Informational reference rates, not executable quotes."
ECBFX_JPY,EUR,JPY,2026-09-29,178.41,JPY/EUR,2026-10-10T16:07:22+00:00,2026-10-10T19:20:14.503085+00:00,fresh,current_amended,,European Central Bank,https://www.ecb.europa.eu/stats/eurofxref/eurofxref-hist-90d.xml,https://api.seiche.info/api/series/ECBFX_JPY.csv,https://www.ecb.europa.eu/services/using-our-site/disclaimer/html/index.en.html,"Source: European Central Bank. Original reference data is available free from the ECB. Informational reference rates, not executable quotes."
ECBFX_JPY,EUR,JPY,2026-09-30,178.27,JPY/EUR,2026-10-10T16:07:22+00:00,2026-10-10T19:20:14.503085+00:00,fresh,current_amended,,European Central Bank,https://www.ecb.europa.eu/stats/eurofxref/eurofxref-hist-90d.xml,https://api.seiche.info/api/series/ECBFX_JPY.csv,https://www.ecb.europa.eu/services/using-our-site/disclaimer/html/index.en.html,"Source: European Central Bank. Original reference data is available free from the ECB. Informational reference rates, not executable quotes."
ECBFX_JPY,EUR,JPY,2026-10-01,178.49,JPY/EUR,2026-10-10T16:07:22+00:00,2026-10-10T19:20:14.503085+00:00,fresh,current_amended,,European Central Bank,https://www.ecb.europa.eu/stats/eurofxref/eurofxref-hist-90d.xml,https://api.seiche.info/api/series/ECBFX_JPY.csv,https://www.ecb.europa.eu/services/using-our-site/disclaimer/html/index.en.html,"Source: European Central Bank. Original reference data is available free from the ECB. Informational reference rates, not executable quotes."
ECBFX_JPY,EUR,JPY,2026-10-02,176.99,JPY/EUR,2026-10-10T16:07:22+00:00,2026-10-10T19:20:14.503085+00:00,fresh,current_amended,,European Central Bank,https://www.ecb.europa.eu/stats/eurofxref/eurofxref-hist-90d.xml,https://api.seiche.info/api/series/ECBFX_JPY.csv,https://www.ecb.europa.eu/services/using-our-site/disclaimer/html/index.en.html,"Source: European Central Bank. Original reference data is available free from the ECB. Informational reference rates, not executable quotes."
ECBFX_JPY,EUR,JPY,2026-10-05,177.28,JPY/EUR,2026-10-10T16:07:22+00:00,2026-10-10T19:20:14.503085+00:00,fresh,current_amended,,European Central Bank,https://www.ecb.europa.eu/stats/eurofxref/eurofxref-hist-90d.xml,https://api.seiche.info/api/series/ECBFX_JPY.csv,https://www.ecb.europa.eu/services/using-our-site/disclaimer/html/index.en.html,"Source: European Central Bank. Original reference data is available free from the ECB. Informational reference rates, not executable quotes."
ECBFX_JPY,EUR,JPY,2026-10-06,178.15,JPY/EUR,2026-10-10T16:07:22+00:00,2026-10-10T19:20:14.503085+00:00,fresh,current_amended,,European Central Bank,https://www.ecb.europa.eu/stats/eurofxref/eurofxref-hist-90d.xml,https://api.seiche.info/api/series/ECBFX_JPY.csv,https://www.ecb.europa.eu/services/using-our-site/disclaimer/html/index.en.html,"Source: European Central Bank. Original reference data is available free from the ECB. Informational reference rates, not executable quotes."
ECBFX_JPY,EUR,JPY,2026-10-07,176.85,JPY/EUR,2026-10-10T16:07:22+00:00,2026-10-10T19:20:14.503085+00:00,fresh,current_amended,,European Central Bank,https://www.ecb.europa.eu/stats/eurofxref/eurofxref-hist-90d.xml,https://api.seiche.info/api/series/ECBFX_JPY.csv,https://www.ecb.europa.eu/services/using-our-site/disclaimer/html/index.en.html,"Source: European Central Bank. Original reference data is available free from the ECB. Informational reference rates, not executable quotes."
ECBFX_JPY,EUR,JPY,2026-10-08,177.05,JPY/EUR,2026-10-10T16:07:22+00:00,2026-10-10T19:20:14.503085+00:00,fresh,current_amended,,European Central Bank,https://www.ecb.europa.eu/stats/eurofxref/eurofxref-hist-90d.xml,https://api.seiche.info/api/series/ECBFX_JPY.csv,https://www.ecb.europa.eu/services/using-our-site/disclaimer/html/index.en.html,"Source: European Central Bank. Original reference data is available free from the ECB. Informational reference rates, not executable quotes."
ECBFX_JPY,EUR,JPY,2026-10-09,177.34,JPY/EUR,2026-10-10T16:07:22+00:00,2026-10-10T19:20:14.503085+00:00,fresh,current_amended,,European Central Bank,https://www.ecb.europa.eu/stats/eurofxref/eurofxref-hist-90d.xml,https://api.seiche.info/api/series/ECBFX_JPY.csv,https://www.ecb.europa.eu/services/using-our-site/disclaimer/html/index.en.html,"Source: European Central Bank. Original reference data is available free from the ECB. Informational reference rates, not executable quotes."
ECBFX_INR,EUR,INR,2026-09-14,110.3755,INR/EUR,2026-10-10T16:07:22+00:00,2026-10-10T19:20:14.503085+00:00,fresh,current_amended,,European Central Bank,https://www.ecb.europa.eu/stats/eurofxref/eurofxref-hist-90d.xml,https://api.seiche.info/api/series/ECBFX_INR.csv,https://www.ecb.europa.eu/services/using-our-site/disclaimer/html/index.en.html,"Source: European Central Bank. Original reference data is available free from the ECB. Informational reference rates, not executable quotes."
ECBFX_INR,EUR,INR,2026-09-15,110.7285,INR/EUR,2026-10-10T16:07:22+00:00,2026-10-10T19:20:14.503085+00:00,fresh,current_amended,,European Central Bank,https://www.ecb.europa.eu/stats/eurofxref/eurofxref-hist-90d.xml,https://api.seiche.info/api/series/ECBFX_INR.csv,https://www.ecb.europa.eu/services/using-our-site/disclaimer/html/index.en.html,"Source: European Central Bank. Original reference data is available free from the ECB. Informational reference rates, not executable quotes."
ECBFX_INR,EUR,INR,2026-09-16,110.714,INR/EUR,2026-10-10T16:07:22+00:00,2026-10-10T19:20:14.503085+00:00,fresh,current_amended,,European Central Bank,https://www.ecb.europa.eu/stats/eurofxref/eurofxref-hist-90d.xml,https://api.seiche.info/api/series/ECBFX_INR.csv,https://www.ecb.europa.eu/services/using-our-site/disclaimer/html/index.en.html,"Source: European Central Bank. Original reference data is available free from the ECB. Informational reference rates, not executable quotes."
ECBFX_INR,EUR,INR,2026-09-17,110.1475,INR/EUR,2026-10-10T16:07:22+00:00,2026-10-10T19:20:14.503085+00:00,fresh,current_amended,,European Central Bank,https://www.ecb.europa.eu/stats/eurofxref/eurofxref-hist-90d.xml,https://api.seiche.info/api/series/ECBFX_INR.csv,https://www.ecb.europa.eu/services/using-our-site/disclaimer/html/index.en.html,"Source: European Central Bank. Original reference data is available free from the ECB. Informational reference rates, not executable quotes."
ECBFX_INR,EUR,INR,2026-09-18,109.8755,INR/EUR,2026-10-10T16:07:22+00:00,2026-10-10T19:20:14.503085+00:00,fresh,current_amended,,European Central Bank,https://www.ecb.europa.eu/stats/eurofxref/eurofxref-hist-90d.xml,https://api.seiche.info/api/series/ECBFX_INR.csv,https://www.ecb.europa.eu/services/using-our-site/disclaimer/html/index.en.html,"Source: European Central Bank. Original reference data is available free from the ECB. Informational reference rates, not executable quotes."
ECBFX_INR,EUR,INR,2026-09-21,110.0975,INR/EUR,2026-10-10T16:07:22+00:00,2026-10-10T19:20:14.503085+00:00,fresh,current_amended,,European Central Bank,https://www.ecb.europa.eu/stats/eurofxref/eurofxref-hist-90d.xml,https://api.seiche.info/api/series/ECBFX_INR.csv,https://www.ecb.europa.eu/services/using-our-site/disclaimer/html/index.en.html,"Source: European Central Bank. Original reference data is available free from the ECB. Informational reference rates, not executable quotes."
ECBFX_INR,EUR,INR,2026-09-22,109.5805,INR/EUR,2026-10-10T16:07:22+00:00,2026-10-10T19:20:14.503085+00:00,fresh,current_amended,,European Central Bank,https://www.ecb.europa.eu/stats/eurofxref/eurofxref-hist-90d.xml,https://api.seiche.info/api/series/ECBFX_INR.csv,https://www.ecb.europa.eu/services/using-our-site/disclaimer/html/index.en.html,"Source: European Central Bank. Original reference data is available free from the ECB. Informational reference rates, not executable quotes."
ECBFX_INR,EUR,INR,2026-09-23,109.25,INR/EUR,2026-10-10T16:07:22+00:00,2026-10-10T19:20:14.503085+00:00,fresh,current_amended,,European Central Bank,https://www.ecb.europa.eu/stats/eurofxref/eurofxref-hist-90d.xml,https://api.seiche.info/api/series/ECBFX_INR.csv,https://www.ecb.europa.eu/services/using-our-site/disclaimer/html/index.en.html,"Source: European Central Bank. Original reference data is available free from the ECB. Informational reference rates, not executable quotes."
ECBFX_INR,EUR,INR,2026-09-24,109.0775,INR/EUR,2026-10-10T16:07:22+00:00,2026-10-10T19:20:14.503085+00:00,fresh,current_amended,,European Central Bank,https://www.ecb.europa.eu/stats/eurofxref/eurofxref-hist-90d.xml,https://api.seiche.info/api/series/ECBFX_INR.csv,https://www.ecb.europa.eu/services/using-our-site/disclaimer/html/index.en.html,"Source: European Central Bank. Original reference data is available free from the ECB. Informational reference rates, not executable quotes."
ECBFX_INR,EUR,INR,2026-09-25,109.2605,INR/EUR,2026-10-10T16:07:22+00:00,2026-10-10T19:20:14.503085+00:00,fresh,current_amended,,European Central Bank,https://www.ecb.europa.eu/stats/eurofxref/eurofxref-hist-90d.xml,https://api.seiche.info/api/series/ECBFX_INR.csv,https://www.ecb.europa.eu/services/using-our-site/disclaimer/html/index.en.html,"Source: European Central Bank. Original reference data is available free from the ECB. Informational reference rates, not executable quotes."
ECBFX_INR,EUR,INR,2026-09-28,109.2095,INR/EUR,2026-10-10T16:07:22+00:00,2026-10-10T19:20:14.503085+00:00,fresh,current_amended,,European Central Bank,https://www.ecb.europa.eu/stats/eurofxref/eurofxref-hist-90d.xml,https://api.seiche.info/api/series/ECBFX_INR.csv,https://www.ecb.europa.eu/services/using-our-site/disclaimer/html/index.en.html,"Source: European Central Bank. Original reference data is available free from the ECB. Informational reference rates, not executable quotes."
ECBFX_INR,EUR,INR,2026-09-29,108.991,INR/EUR,2026-10-10T16:07:22+00:00,2026-10-10T19:20:14.503085+00:00,fresh,current_amended,,European Central Bank,https://www.ecb.europa.eu/stats/eurofxref/eurofxref-hist-90d.xml,https://api.seiche.info/api/series/ECBFX_INR.csv,https://www.ecb.europa.eu/services/using-our-site/disclaimer/html/index.en.html,"Source: European Central Bank. Original reference data is available free from the ECB. Informational reference rates, not executable quotes."
ECBFX_INR,EUR,INR,2026-09-30,108.8205,INR/EUR,2026-10-10T16:07:22+00:00,2026-10-10T19:20:14.503085+00:00,fresh,current_amended,,European Central Bank,https://www.ecb.europa.eu/stats/eurofxref/eurofxref-hist-90d.xml,https://api.seiche.info/api/series/ECBFX_INR.csv,https://www.ecb.europa.eu/services/using-our-site/disclaimer/html/index.en.html,"Source: European Central Bank. Original reference data is available free from the ECB. Informational reference rates, not executable quotes."
ECBFX_INR,EUR,INR,2026-10-01,108.832,INR/EUR,2026-10-10T16:07:22+00:00,2026-10-10T19:20:14.503085+00:00,fresh,current_amended,,European Central Bank,https://www.ecb.europa.eu/stats/eurofxref/eurofxref-hist-90d.xml,https://api.seiche.info/api/series/ECBFX_INR.csv,https://www.ecb.europa.eu/services/using-our-site/disclaimer/html/index.en.html,"Source: European Central Bank. Original reference data is available free from the ECB. Informational reference rates, not executable quotes."
ECBFX_INR,EUR,INR,2026-10-02,108.1245,INR/EUR,2026-10-10T16:07:22+00:00,2026-10-10T19:20:14.503085+00:00,fresh,current_amended,,European Central Bank,https://www.ecb.europa.eu/stats/eurofxref/eurofxref-hist-90d.xml,https://api.seiche.info/api/series/ECBFX_INR.csv,https://www.ecb.europa.eu/services/using-our-site/disclaimer/html/index.en.html,"Source: European Central Bank. Original reference data is available free from the ECB. Informational reference rates, not executable quotes."
ECBFX_INR,EUR,INR,2026-10-05,107.8915,INR/EUR,2026-10-10T16:07:22+00:00,2026-10-10T19:20:14.503085+00:00,fresh,current_amended,,European Central Bank,https://www.ecb.europa.eu/stats/eurofxref/eurofxref-hist-90d.xml,https://api.seiche.info/api/series/ECBFX_INR.csv,https://www.ecb.europa.eu/services/using-our-site/disclaimer/html/index.en.html,"Source: European Central Bank. Original reference data is available free from the ECB. Informational reference rates, not executable quotes."
ECBFX_INR,EUR,INR,2026-10-06,108.6615,INR/EUR,2026-10-10T16:07:22+00:00,2026-10-10T19:20:14.503085+00:00,fresh,current_amended,,European Central Bank,https://www.ecb.europa.eu/stats/eurofxref/eurofxref-hist-90d.xml,https://api.seiche.info/api/series/ECBFX_INR.csv,https://www.ecb.europa.eu/services/using-our-site/disclaimer/html/index.en.html,"Source: European Central Bank. Original reference data is available free from the ECB. Informational reference rates, not executable quotes."
ECBFX_INR,EUR,INR,2026-10-07,108.1165,INR/EUR,2026-10-10T16:07:22+00:00,2026-10-10T19:20:14.503085+00:00,fresh,current_amended,,European Central Bank,https://www.ecb.europa.eu/stats/eurofxref/eurofxref-hist-90d.xml,https://api.seiche.info/api/series/ECBFX_INR.csv,https://www.ecb.europa.eu/services/using-our-site/disclaimer/html/index.en.html,"Source: European Central Bank. Original reference data is available free from the ECB. Informational reference rates, not executable quotes."
ECBFX_INR,EUR,INR,2026-10-08,108.2635,INR/EUR,2026-10-10T16:07:22+00:00,2026-10-10T19:20:14.503085+00:00,fresh,current_amended,,European Central Bank,https://www.ecb.europa.eu/stats/eurofxref/eurofxref-hist-90d.xml,https://api.seiche.info/api/series/ECBFX_INR.csv,https://www.ecb.europa.eu/services/using-our-site/disclaimer/html/index.en.html,"Source: European Central Bank. Original reference data is available free from the ECB. Informational reference rates, not executable quotes."
ECBFX_INR,EUR,INR,2026-10-09,108.3965,INR/EUR,2026-10-10T16:07:22+00:00,2026-10-10T19:20:14.503085+00:00,fresh,current_amended,,European Central Bank,https://www.ecb.europa.eu/stats/eurofxref/eurofxref-hist-90d.xml,https://api.seiche.info/api/series/ECBFX_INR.csv,https://www.ecb.europa.eu/services/using-our-site/disclaimer/html/index.en.html,"Source: European Central Bank. Original reference data is available free from the ECB. Informational reference rates, not executable quotes."
